<odoo>
    <data noupdate="1">

        <record id="mail_template_demo" model="mail.template">
            <field name="name">hospital Demooooo</field>
            <field name="model_id" ref="hospital_m.model_hospital_m_hospital_m"/>
            <!--            <field name="partner_to">chandradutt1999@gmail.com</field>-->
            <field name="email_to">chandradutt1999@gmail.com</field>
            <field name="subject">Patient Details {{object.fname}}</field>
            <field name="body_html" type="html">
                <div syle="margin: 0px; padding: 0px;">
                    <p style="font-size: 15px;">
                        Dear <t t-esc="object.fname"/>
                        <br></br>
                        this is sale order page
                        <br></br>
                    </p>
                </div>
            </field>
            <!--            <field name="report_template" ref=""-->
        </record>
    </data>
</odoo>