<odoo>
<!--    <data>-->
<!--        <record model="ir.ui.view" id="excel_wizard">-->
<!--            <field name="name">excel_wizard form</field>-->
<!--            <field name="model">excel.report</field>-->
<!--            <field name="arch" type="xml">-->
<!--                <form>-->
<!--                    <field name="Employee"/>-->
<!--                    <field name="start_date"/>-->
<!--                    <field name="end_date"/>-->
<!--                </form>-->
<!--            </field>-->
<!--        </record>-->
<!--        <report-->
<!--                id="partner_xlsx"-->
<!--                model="res.partner"-->
<!--                string="Print to XLSX"-->
<!--                report_type="xlsx"-->
<!--                file="res_partner"-->
<!--                attachment_use="False"-->
<!--        />-->
<!--    </data>-->
</odoo>